{"cameraMode":{"drawMode":0,"name":"Shaded","section":"Shading Mode"},"sceneLighting":false,"audioPlay":false,"sceneViewState":{"m_AlwaysRefresh":false,"showFog":false,"showSkybox":false,"showFlares":false,"showImageEffects":false,"showParticleSystems":false,"showVisualEffectGraphs":true,"m_FxEnabled":true},"in2DMode":false,"pivot":{"x":9.015198707580567,"y":13.556195259094239,"z":-0.11149024963378906},"rotation":{"x":0.00005396892811404541,"y":0.9837883114814758,"z":-0.17933432757854463,"w":0.00029598246328532696},"size":14.797317504882813,"orthographic":false}